pages,
img\prudentia_herba_decorus_8fa9e210.jpg,vesta
img\salus_concordia_nubes_a8be0a38.jpg,vesta
img\tempus_arbor_sapor_b6bf900d.jpg,vesta
img\altus_constantia_sapor_93266b7c.jpg,vesta
img\bellum_fortis_claritas_59599435.jpg,vesta
img\pax_imber_sensus_16ff12e3.jpg,vesta
img\sapientia_decorus_sensus_ba5f7944.jpg,vesta
img\caelum_mors_anima_9b08ed50.jpg,vesta
img\mors_sensus_triumphus_80d8aa97.jpg,vesta
img\amor_arbor_formosus_1575a7c8.jpg,vesta
img\figura_mors_gloria_9fbf1034.jpg,vesta
img\audacia_aer_mors_34b42b26.jpg,vesta
img\formosus_spiritus_dignitas_120c9d6f.jpg,vesta
img\nubes_luna_caelum_26ab18ea.jpg,vesta
img\natura_ratio_caligo_b2524d29.jpg,vesta
img\fortis_flamma_nubes_9dd9666a.jpg,vesta
img\luna_lux_spes_3ba4df8f.jpg,vesta
img\triumphus_flos_fortuna_5165d9de.jpg,vesta
img\tempestas_caelum_probitas_1cebacbd.jpg,vesta
img\pax_ordo_aqua_8f95340f.jpg,vesta
img\tempus_dignitas_furor_d49ed176.jpg,vesta
img\terra_voluntas_pax_8b8ddcda.jpg,vesta
img\sapientia_memoria_terra_5e4f719a.jpg,vesta
img\mors_imber_claritas_0a8b76de.jpg,vesta
img\libertas_constantia_sol_aeaabf9b.jpg,vesta
img\libertas_victoria_voluntas_163d2dd6.jpg,vesta
img\audacia_gloria_pulcher_b3f9013e.jpg,vesta
img\imago_sapientia_caligo_2798839c.jpg,vesta
img\statera_fides_cor_d53346f7.jpg,vesta
img\umbra_pax_caelum_6e39be7f.jpg,vesta
img\sol_figura_statera_1d9a023b.jpg,vesta
img\aqua_virtus_iustitia_d6c73b54.jpg,vesta
img\anima_ratio_fama_a47262f2.jpg,vesta
img\oratio_fortis_corpus_a71f1163.jpg,vesta
img\virtus_pluvia_iustitia_d97b5cde.jpg,vesta
img\bellum_scientia_labor_74c92ad3.jpg,vesta
img\decorus_herba_mens_8f23da85.jpg,vesta
img\statera_cantus_natura_023bd207.jpg,vesta
img\corpus_arbor_umbra_88272a93.jpg,vesta
img\memoria_dexteritas_figura_8af061ce.jpg,vesta
img\fortitudo_scientia_corpus_49a16824.jpg,vesta
img\bellum_gravis_fortitudo_b0c13566.jpg,vesta
img\celeritas_virtus_caligo_5896f9c3.jpg,vesta
img\claritas_honor_pax_b0419d37.jpg,vesta
img\voluntas_altus_pulcher_542c6d04.jpg,vesta
img\dignitas_benignus_color_1e0ff3a7.jpg,vesta
img\corpus_regnum_ignis_5881523a.jpg,vesta
img\tempus_benignus_color_b0cc40fc.jpg,vesta
img\fides_umbra_voluptas_385a807f.jpg,vesta
img\chorus_salus_prudentia_87e06dbf.jpg,vesta
img\cantus_fides_terra_b26535eb.jpg,vesta
img\clarus_caelum_decorus_4341ebfa.jpg,vesta
img\fortitudo_benignus_bellum_5a69fe2f.jpg,vesta
img\color_amicitia_clarus_baf6d6f2.jpg,vesta
img\cantus_concordia_clarus_73035b90.jpg,vesta
img\gloria_aer_imperium_7bb5c56c.jpg,vesta
img\prudentia_arbor_amicitia_2934ae99.jpg,vesta
img\ars_statera_tempus_361428c8.jpg,vesta
img\fortitudo_audacia_pulcher_5241c519.jpg,vesta
img\sonus_cantus_memoria_6ffeda43.jpg,vesta
img\flos_gloria_regnum_fb2a255b.jpg,vesta
img\scientia_sol_dignitas_fe228839.jpg,vesta
img\celeritas_figura_stella_d231e5e2.jpg,vesta
img\celeritas_fides_terra_394604a9.jpg,vesta
img\amicitia_regnum_voluntas_5309214c.jpg,vesta
img\ratio_luna_formosus_d1f7fa2d.jpg,vesta
img\amicitia_amor_ratio_b81c88fb.jpg,vesta
img\honestas_umbra_ars_06194027.jpg,vesta
img\mens_sensus_labor_fd03bcb9.jpg,vesta
img\tempus_pulcher_virtus_e052ae88.jpg,vesta
img\spiritus_figura_victoria_59d342b0.jpg,vesta
img\victoria_aura_audacia_4842c70a.jpg,vesta
img\pluvia_constantia_fides_13c7730b.jpg,vesta
img\flos_arbor_fides_ae944315.jpg,vesta
img\furor_arbor_gemma_c4e60908.jpg,vesta
img\ars_mens_ignobilis_c2b1d267.jpg,vesta
img\nubes_ignis_arbor_058e75db.jpg,vesta
img\flos_decorus_vita_e3f1f76a.jpg,vesta
img\dexteritas_veritas_honor_0ea92f2b.jpg,vesta
img\natura_celeritas_fama_4775b7c8.jpg,vesta
img\fortitudo_natura_color_18f275af.jpg,vesta
img\honestas_lex_natura_e338467e.jpg,vesta
img\gravis_pax_imago_2e457849.jpg,vesta
img\dignitas_vigor_ordo_9a56cbce.jpg,vesta
img\terra_salus_arbor_c55cd96a.jpg,vesta
img\sensus_spiritus_regnum_27bca227.jpg,vesta
img\ordo_imperium_fortis_e9f0b554.jpg,vesta
img\cantus_serenus_pulcher_59704259.jpg,vesta
img\fortis_clarus_memoria_d1c9b0db.jpg,vesta
img\sapor_nix_spiritus_3ddca2aa.jpg,vesta
img\fortis_sapor_audacia_1398191b.jpg,vesta
img\prudentia_ignis_dexteritas_1a3776fa.jpg,vesta
img\dignitas_audacia_lex_caef18ac.jpg,vesta
img\ratio_color_fama_c7041d09.jpg,vesta
img\caligo_veritas_spes_2846e315.jpg,vesta
img\nix_fulgor_mors_66d2e151.jpg,vesta
img\levis_labor_honor_d67db738.jpg,vesta
img\scientia_pulcher_flamma_bf13dbaf.jpg,vesta
img\tempestas_ratio_lex_2704155e.jpg,vesta
img\figura_spiritus_celeritas_b00552b0.jpg,vesta
img\prudentia_ventus_scientia_d6fdee29.jpg,vesta
img\levis_color_formosus_a2fffee2.jpg,vesta
img\vigor_vita_iustitia_1fbf46df.jpg,vesta
img\fides_sapientia_verbum_b5779eec.jpg,vesta
img\statera_formosus_figura_bdb4325e.jpg,vesta
img\voluptas_herba_labor_b929b979.jpg,vesta
img\sol_lux_chorus_822bfb0d.jpg,vesta
img\fortuna_imago_altus_ad8a7d9b.jpg,vesta
img\spes_ars_sapientia_54dcf026.jpg,vesta
img\verbum_vigor_herba_1c0b671e.jpg,vesta
img\salus_gravis_veritas_850752eb.jpg,vesta
img\sapientia_natura_imber_788232e1.jpg,vesta
img\amor_fortitudo_gloria_d631f35e.jpg,vesta
img\sonus_fortuna_ars_64fa3900.jpg,vesta
img\ventus_decorus_bellum_ec652d45.jpg,vesta
img\claritas_sol_nubes_c37139ba.jpg,vesta
img\mens_imber_clarus_52b9f0de.jpg,vesta
img\fortitudo_altus_decorus_6036718b.jpg,vesta
img\benignus_prudentia_sol_6c572cc7.jpg,vesta
img\lux_fulgor_furor_a72e1700.jpg,vesta
img\ordo_libertas_virtus_53bf1ac8.jpg,aureus
img\clarus_natura_victoria_ecb1bcb1.jpg,aureus
img\caligo_fortis_amor_593d15ce.jpg,aureus
img\corpus_statera_constantia_c3ea5e83.jpg,aureus
img\fortitudo_amicitia_fortis_bc1168f5.jpg,aureus
img\constantia_herba_nobilitas_062d2d6b.jpg,aureus
img\ventus_vita_concordia_71f72eee.jpg,aureus
img\ventus_imago_pulcher_70604e73.jpg,aureus
img\terra_bellum_honestas_87309134.jpg,aureus
img\flos_chorus_arbor_d2098162.jpg,aureus
img\altus_decorus_terra_29627420.jpg,aureus
img\aura_veritas_aqua_4bc8dfec.jpg,aureus
img\concordia_salus_mors_ff2ddf82.jpg,aureus
img\pluvia_celeritas_memoria_baa903fc.jpg,aureus
img\lex_levis_imago_a55e51f5.jpg,aureus
img\nobilitas_herba_ignobilis_243b8d2c.jpg,aureus
img\fulgor_figura_fortuna_62dc1422.jpg,aureus
img\voluptas_concordia_stella_98eaee31.jpg,aureus
img\clarus_sol_ordo_b3509a5b.jpg,aureus
img\triumphus_bellum_voluntas_6834069a.jpg,aureus
img\pax_honestas_voluptas_a9e42089.jpg,aureus
img\ignobilis_ventus_tempus_b0a47dad.jpg,aureus
img\victoria_amicitia_prudentia_772cf79c.jpg,aureus
img\aer_pulcher_serenus_f5cadcf5.jpg,aureus
img\honor_scientia_altus_f4b234fa.jpg,aureus
img\verbum_luna_arbor_be70353f.jpg,aureus
img\aer_salus_mors_a65ba262.jpg,aureus
img\fulgor_herba_imber_219b0176.jpg,aureus
img\dignitas_natura_verus_16fb7914.jpg,aureus
img\audacia_honestas_scientia_5d13bc10.jpg,aureus
img\nubes_verus_fortis_96a50682.jpg,aureus
img\sol_fulgor_fides_2ed786ae.jpg,aureus
img\victoria_caligo_altus_14ea7ce2.jpg,aureus
img\lex_bellum_sol_2ef3d7ba.jpg,aureus
img\constantia_oratio_iustitia_007ce9f2.jpg,aureus
img\nobilitas_triumphus_concordia_b5baea30.jpg,aureus
img\flamma_arbor_meritum_d9c70773.jpg,aureus
img\levis_sol_regnum_8f8c94d9.jpg,aureus
img\aer_victoria_formosus_5037e1c6.jpg,aureus
img\nix_levis_imperium_3658bf8c.jpg,aureus
img\verus_victoria_pulcher_702bf578.jpg,aureus
img\ars_natura_cantus_a20f54bf.jpg,aureus
img\oratio_dignitas_fides_309bb637.jpg,aureus
img\ignis_voluptas_altus_4b686212.jpg,aureus
img\caligo_labor_anima_ba510fe2.jpg,aureus
img\figura_cantus_veritas_418dcfe3.jpg,aureus
img\libertas_ordo_ignis_521c5aa4.jpg,aureus
img\clarus_imber_sapientia_fca5a321.jpg,aureus
img\color_pulcher_regnum_5161609d.jpg,aureus
img\virtus_formosus_constantia_4f66dc25.jpg,aureus
img\pluvia_regnum_altus_15bdad9f.jpg,aureus
img\verbum_fortuna_imber_76bba6ca.jpg,aureus
img\clarus_claritas_iustitia_1f3141d9.jpg,aureus
img\flos_statera_fides_b3c98ba4.jpg,aureus
img\ratio_gravis_celeritas_3351695a.jpg,aureus
img\fortis_clarus_verus_27cc81ae.jpg,aureus
img\oratio_virtus_clarus_301669a5.jpg,aureus
img\pulcher_virtus_tempus_4b3e44d4.jpg,aureus
img\fortitudo_caligo_corpus_2c2cd9aa.jpg,aureus
img\nobilitas_verbum_claritas_df0c3212.jpg,aureus
img\gravis_veritas_figura_cb204cf0.jpg,aureus
img\libertas_luna_sapientia_37829fb5.jpg,aureus
img\salus_prudentia_labor_edf133fb.jpg,aureus
img\nix_meritum_pulcher_bd4feda3.jpg,aureus
img\ignobilis_claritas_furor_e83ee0b5.jpg,aureus
img\bellum_prudentia_fortuna_b4fa94c0.jpg,aureus
img\flamma_gravis_mors_6e962d1c.jpg,aureus
img\tempestas_furor_virtus_ba434ffc.jpg,aureus
img\gemma_terra_labor_468b3dd4.jpg,aureus
img\salus_amicitia_vigor_b49ae6ce.jpg,aureus
img\arbor_labor_corpus_9e4e719f.jpg,aureus
img\libertas_ignis_nobilitas_5b0aac53.jpg,aureus
img\color_clarus_arbor_be39b0e0.jpg,aureus
img\nubes_fulgor_scientia_6dabb7ee.jpg,aureus
img\claritas_fortis_concordia_965533dd.jpg,aureus
img\spes_stella_audacia_80de2b51.jpg,aureus
img\triumphus_furor_caelum_bbae3002.jpg,aureus
img\sonus_fulgor_constantia_6eadf28b.jpg,aureus
img\oratio_fortis_decorus_bb96b16b.jpg,aureus
img\anima_caligo_fama_2941e0aa.jpg,aureus
img\fortuna_fortitudo_cor_47205ca5.jpg,aureus
img\cantus_aura_terra_a8f6cff3.jpg,aureus
img\honestas_memoria_amicitia_a869107e.jpg,aureus
img\imago_vigor_arbor_1bebd367.jpg,aureus
img\fulgor_tempus_gravis_e696b994.jpg,aureus
img\altus_sensus_furor_10387dbb.jpg,aureus
img\sapientia_imago_decorus_ab835e45.jpg,aureus
img\verus_voluptas_clarus_525f510b.jpg,aureus
img\veritas_nubes_ars_b3b340a6.jpg,aureus
img\figura_benignus_fortuna_ad3bfe13.jpg,aureus
img\formosus_mens_pluvia_a546ce44.jpg,aureus
img\terra_victoria_sol_93fc0480.jpg,aureus
img\spiritus_constantia_ignis_1cb97214.jpg,aureus
img\prudentia_ars_ventus_bca37cb6.jpg,aureus
img\pulcher_gemma_anima_ce42b59b.jpg,aureus
img\caelum_lex_fulgor_38001ede.jpg,aureus
img\formosus_scientia_constantia_063efed8.jpg,aureus
img\luna_nubes_verbum_a89d9055.jpg,aureus
img\gloria_veritas_voluptas_087521b3.jpg,aureus
img\triumphus_furor_lex_e7961c8e.jpg,aureus
img\corpus_fulgor_ignobilis_d2e57a6c.jpg,aureus
img\voluptas_fortitudo_vigor_9844d4a3.jpg,aureus
img\virtus_victoria_imago_7c8b04c6.jpg,aureus
img\flamma_honestas_clarus_950c4b8d.jpg,aureus
img\mors_aqua_ignis_9f56669d.jpg,aureus
img\fortitudo_audacia_amicitia_7f8e8e67.jpg,aureus
img\meritum_ars_fortuna_e8a73cd9.jpg,aureus
img\vita_gemma_formosus_91dbcafc.jpg,aureus
img\gloria_ratio_levis_a11578b6.jpg,aureus
img\lux_formosus_benignus_2e8ba925.jpg,aureus
img\color_dexteritas_audacia_6882534e.jpg,aureus
img\levis_vita_statera_73abf876.jpg,aureus
img\fortuna_mens_serenus_a50e62fc.jpg,aureus
img\ignis_gravis_chorus_9386c767.jpg,aureus
img\probitas_mens_benignus_b23e1c10.jpg,aureus
img\imber_sapientia_spiritus_cf1df69d.jpg,aureus
img\sonus_fortuna_fulgor_07169025.jpg,aureus
img\voluntas_triumphus_meritum_cf1b424e.jpg,aureus
img\ars_virtus_iustitia_2e0b0996.jpg,aureus
img\lex_anima_regnum_5284f408.jpg,aureus
img\ars_gravis_statera_a8db4815.jpg,aureus
img\dexteritas_figura_altus_5f0330b6.jpg,aureus
img\flamma_flos_victoria_697419e1.jpg,aureus
img\prudentia_cor_voluptas_0fc243cf.jpg,aureus
img\decorus_vita_natura_17888c9b.jpg,aureus
img\mens_natura_sonus_7d2553df.jpg,aureus
img\levis_dexteritas_anima_8493d6c2.jpg,aureus
img\furor_amor_figura_9d4484c2.jpg,aureus
img\dexteritas_mens_libertas_5f55f4c0.jpg,aureus
img\lux_color_tempus_a297f33b.jpg,aureus
img\formosus_caligo_gravis_9737ea6e.jpg,aureus
img\memoria_vigor_fulgor_6e2240ea.jpg,aureus
img\scientia_fortitudo_meritum_8ccd4cd5.jpg,aureus
img\constantia_gloria_concordia_24888a93.jpg,aureus
img\imber_probitas_levis_082548d5.jpg,aureus
img\aura_imber_claritas_1a687d41.jpg,aureus
img\tempus_libertas_ignis_4f6cbcec.jpg,aureus
img\mens_amor_verus_ea9175d6.jpg,aureus
img\veritas_lex_caligo_5a70c5ec.jpg,aureus
img\aqua_levis_corpus_09e99624.jpg,aureus
img\aer_luna_imber_eda8dda2.jpg,aureus
img\caligo_figura_libertas_c5ba8eeb.jpg,aureus
img\corpus_celeritas_decorus_f9cef8e4.jpg,roman
img\concordia_ignobilis_altus_18b60b45.jpg,roman
img\aer_tempus_verbum_250d7507.jpg,roman
img\lex_stella_regnum_2b4c40ad.jpg,roman
img\figura_color_gravis_a9e6a0d8.jpg,roman
img\memoria_imber_ordo_9faaaf13.jpg,roman
img\tempestas_veritas_gravis_6c02f8b8.jpg,roman
img\natura_flos_vigor_a116b4bf.jpg,roman
img\corpus_anima_dexteritas_2de70409.jpg,roman
img\color_sonus_imber_dbedbdca.jpg,roman
img\ars_figura_fides_42994fef.jpg,roman
img\altus_color_herba_4ee4a47f.jpg,roman
img\imber_figura_mors_ed8725c5.jpg,roman
img\celeritas_fides_meritum_cff24324.jpg,roman
img\ordo_veritas_flos_c5fe3154.jpg,roman
img\voluntas_flos_sensus_01653460.jpg,roman
img\ventus_voluptas_celeritas_034eed7e.jpg,roman
img\honor_ordo_ars_3db56a15.jpg,roman
img\nubes_ordo_ars_111e7a59.jpg,roman
img\dexteritas_sol_pax_67d5c194.jpg,roman
img\terra_voluptas_tempus_0cf250c9.jpg,roman
img\fortitudo_imber_pax_9afe0cf6.jpg,roman
img\nubes_dexteritas_altus_f6174d0b.jpg,roman
img\fortuna_color_ars_5759f3ee.jpg,roman
img\meritum_ratio_flos_3822845d.jpg,roman
img\concordia_corpus_amor_cb27c629.jpg,roman
img\sol_terra_fortitudo_7799dfd8.jpg,roman
img\aura_amor_color_772827e7.jpg,roman
img\sapientia_gemma_bellum_182525bf.jpg,roman
img\caligo_honor_fama_06c71cd3.jpg,roman
img\anima_salus_sol_4028c5a5.jpg,roman
img\color_cor_sonus_ec5f5982.jpg,roman
img\triumphus_amicitia_spiritus_3071abc6.jpg,roman
img\fortitudo_aer_corpus_f80f076a.jpg,roman
img\corpus_aer_tempus_af5bf99d.jpg,roman
img\arbor_gemma_anima_36bf05f1.jpg,roman
img\fortitudo_formosus_constantia_76e24dc1.jpg,roman
img\lex_probitas_chorus_d15a13c1.jpg,roman
img\dexteritas_levis_statera_defe2cbe.jpg,roman
img\anima_bellum_oratio_f5655878.jpg,roman
img\lux_flos_victoria_101fcf91.jpg,roman
img\libertas_honestas_figura_52c2da54.jpg,roman
img\spiritus_verbum_constantia_255413ba.jpg,roman
img\altus_ratio_fulgor_e0254d18.jpg,roman
img\gravis_gloria_pulcher_b2dbec2d.jpg,roman
img\amicitia_serenus_tempus_da00b171.jpg,roman
img\concordia_lux_tempestas_0bc656a5.jpg,roman
img\ignis_serenus_meritum_f04b55db.jpg,roman
img\lex_amicitia_flamma_f08e1d4d.jpg,roman
img\ignis_aura_meritum_7d31f5c5.jpg,roman
img\lex_dignitas_aura_2fa30d55.jpg,roman
img\gloria_vita_amicitia_8d25279f.jpg,roman
img\ventus_fulgor_verbum_c5261e2f.jpg,roman
img\imber_color_ars_0f3bb56c.jpg,roman
img\formosus_lux_luna_25a7ac35.jpg,roman
img\mors_voluntas_clarus_01fe6a07.jpg,roman
img\fides_flamma_prudentia_39ec9c31.jpg,roman
img\sol_cor_ignobilis_9f75ae40.jpg,roman
img\vita_tempestas_labor_439feae8.jpg,roman
img\ventus_sensus_fides_371edcf5.jpg,roman
img\bellum_nobilitas_anima_8dd91bf6.jpg,roman
img\dexteritas_prudentia_honestas_307661f9.jpg,roman
img\gloria_imago_salus_dbed2397.jpg,roman
img\nobilitas_sonus_pluvia_2abc161c.jpg,roman
img\aqua_fortitudo_clarus_b7aab375.jpg,roman
img\ignobilis_tempus_vita_4333e8ef.jpg,roman
img\ratio_tempus_labor_bec6f4be.jpg,roman
img\vigor_triumphus_dexteritas_42e6ee2f.jpg,roman
img\vigor_ignobilis_labor_30ec7a07.jpg,roman
img\stella_meritum_imber_79cbfd27.jpg,roman
img\anima_constantia_sapor_8a0e925d.jpg,roman
img\claritas_figura_luna_f7aafec5.jpg,roman
img\fortitudo_ignobilis_arbor_ad63ef2a.jpg,roman
img\ventus_umbra_cantus_a7cebd48.jpg,roman
img\lex_celeritas_ordo_5c97d6e5.jpg,roman
img\sonus_victoria_tempestas_da613015.jpg,roman
img\sapor_amicitia_constantia_8563b2df.jpg,roman
img\amicitia_probitas_honor_1da65539.jpg,roman
img\constantia_herba_cantus_e7bac683.jpg,roman
img\fides_virtus_amicitia_9175d363.jpg,roman
img\natura_gravis_pax_757950cf.jpg,roman
img\labor_meritum_umbra_6d42d74f.jpg,roman
img\herba_fides_natura_507b90e9.jpg,roman
img\clarus_sonus_ignis_c4fd1d8d.jpg,roman
img\natura_iustitia_lux_cbe37d42.jpg,roman
img\ratio_fides_nubes_ce43f558.jpg,roman
img\fortitudo_voluntas_aura_6813d62b.jpg,roman
img\lex_prudentia_pluvia_f0505a9f.jpg,roman
img\caelum_oratio_arbor_3eda6e92.jpg,roman
img\amicitia_fides_ars_00e9ff59.jpg,roman
img\fides_nubes_triumphus_75d3c5f4.jpg,roman
img\audacia_verbum_clarus_af152c3a.jpg,roman
img\prudentia_ventus_chorus_66dabe8e.jpg,roman
img\gloria_luna_nix_c27d05a4.jpg,roman
img\nix_mors_dignitas_bdf5fa58.jpg,roman
img\celeritas_gemma_serenus_78ef6d50.jpg,roman
img\tempestas_ventus_sensus_80d96764.jpg,roman
img\gemma_probitas_dignitas_a90078c3.jpg,roman
img\meritum_gemma_arbor_d56351da.jpg,roman
img\celeritas_sapor_mens_ece7c4d7.jpg,roman
img\vita_oratio_victoria_97a5a76c.jpg,roman
img\memoria_ignis_pulcher_860c8e4f.jpg,roman
img\gemma_flamma_probitas_e8b7a540.jpg,roman
img\terra_regnum_sonus_673af8ff.jpg,roman
img\pulcher_figura_triumphus_b177a0e4.jpg,roman
img\audacia_bellum_claritas_bc33ca1f.jpg,roman
img\audacia_claritas_mors_734d7d4f.jpg,roman
img\memoria_oratio_umbra_2dcb07a2.jpg,roman
img\meritum_amor_ordo_7fbd9f1e.jpg,roman
img\color_lux_gemma_1c5dbdac.jpg,roman
img\sol_umbra_natura_e2e75055.jpg,roman
img\gemma_altus_salus_b38201db.jpg,roman
img\flamma_arbor_sapor_f3d8b912.jpg,roman
img\veritas_scientia_sapor_0eab1e93.jpg,roman
img\furor_regnum_dignitas_6f2eccec.jpg,roman
img\voluntas_corpus_nix_89c7d485.jpg,roman
img\natura_amicitia_honor_d8e73d58.jpg,roman
img\furor_celeritas_scientia_5f2fdb1a.jpg,roman
img\meritum_tempus_flamma_7f9d1dea.jpg,roman
img\spiritus_ignobilis_caligo_78fa3790.jpg,roman
img\verus_probitas_mors_879db88f.jpg,roman
img\mors_sonus_statera_9d81430c.jpg,roman
img\clarus_gloria_chorus_09e98a8a.jpg,roman
img\lex_tempus_regnum_f6f2cc0b.jpg,roman
img\ignobilis_nix_serenus_57e9e190.jpg,roman
img\claritas_vigor_triumphus_d1758df4.jpg,roman
img\verus_triumphus_pulcher_b61cf9ce.jpg,roman
img\fulgor_nobilitas_altus_0a2751eb.jpg,roman
img\regnum_labor_amor_0f966587.jpg,roman
img\pax_regnum_chorus_a8fec779.jpg,roman
img\altus_flamma_corpus_1310c27c.jpg,cicero
img\ventus_tempestas_caelum_ef41d618.jpg,cicero
img\spes_spiritus_triumphus_947453bf.jpg,cicero
img\fortuna_fama_ars_c9ed9635.jpg,cicero
img\gemma_caelum_flamma_8595d81b.jpg,cicero
img\fortuna_aqua_scientia_6ef3aaeb.jpg,cicero
img\ventus_virtus_fortis_0c9a3e7c.jpg,cicero
img\altus_ordo_arbor_3eea596e.jpg,cicero
img\clarus_aura_victoria_69a41ca9.jpg,cicero
img\tempestas_scientia_furor_02e5ebc3.jpg,cicero
img\ars_spiritus_nix_d5350682.jpg,cicero
img\iustitia_spiritus_meritum_2d5613dd.jpg,cicero
img\decorus_corpus_constantia_394becad.jpg,cicero
img\aer_sapientia_caligo_8ff8067b.jpg,cicero
img\furor_ventus_labor_64ef6484.jpg,cicero
img\flamma_spes_formosus_258541ef.jpg,cicero
img\lux_imber_salus_9fd33a03.jpg,cicero
img\audacia_sapientia_fortis_0f7b6623.jpg,cicero
img\regnum_fama_corpus_1d379e59.jpg,cicero
img\herba_umbra_pluvia_fd61c084.jpg,cicero
img\sonus_nobilitas_gloria_71149b6e.jpg,cicero
img\vigor_verus_fides_8ee1f2b1.jpg,cicero
img\voluptas_spiritus_ratio_e15d16e4.jpg,cicero
img\concordia_benignus_meritum_953ed7b7.jpg,cicero
img\audacia_ordo_honor_2e1912f0.jpg,cicero
img\ignobilis_sapor_celeritas_488e6a96.jpg,cicero
img\umbra_sol_salus_eeb9a545.jpg,cicero
img\cantus_nix_fulgor_2efeddd8.jpg,cicero
img\statera_lex_mors_77cc3374.jpg,cicero
img\tempestas_constantia_formosus_a8e379fd.jpg,cicero
img\memoria_pax_audacia_9ffe4703.jpg,cicero
img\nubes_imago_ignis_4a9fba18.jpg,cicero
img\audacia_oratio_tempestas_e48fd69a.jpg,cicero
img\aqua_memoria_concordia_3ac81393.jpg,cicero
img\scientia_terra_aura_530b9381.jpg,cicero
img\scientia_fortitudo_caelum_f911ec7c.jpg,cicero
img\gemma_clarus_formosus_f28c2efe.jpg,cicero
img\lux_furor_bellum_8903b797.jpg,cicero
img\amicitia_spiritus_dexteritas_e6240629.jpg,cicero
img\arbor_benignus_tempus_a393df22.jpg,cicero
img\vita_labor_decorus_7a65cf79.jpg,cicero
img\imber_fortuna_fides_f8f8f335.jpg,cicero
img\fortitudo_verbum_levis_4e902fbf.jpg,cicero
img\tempus_salus_terra_a11c6507.jpg,cicero
img\honor_ignis_mors_245eb4c5.jpg,cicero
img\nix_libertas_triumphus_1deb187f.jpg,cicero
img\corpus_anima_spiritus_8ec2591f.jpg,cicero
img\natura_bellum_vita_6294c2ab.jpg,cicero
img\sonus_oratio_honor_09f4d0f6.jpg,cicero
img\memoria_sonus_altus_24a507ab.jpg,cicero
img\formosus_figura_iustitia_8acda6fd.jpg,cicero
img\aura_fortitudo_tempus_c9295a12.jpg,cicero
img\ventus_aer_sonus_834f2462.jpg,cicero
img\imperium_chorus_sensus_369b1ce5.jpg,cicero
img\iustitia_mors_amicitia_921d5f24.jpg,cicero
img\formosus_pax_aer_4fa05b5e.jpg,cicero
img\scientia_dignitas_triumphus_593fe144.jpg,cicero
img\fides_veritas_victoria_f6a1ff57.jpg,cicero
img\voluptas_ignobilis_nix_b8ddbcb2.jpg,cicero
img\sensus_salus_triumphus_069a49ce.jpg,cicero
img\statera_chorus_triumphus_2bf36b3f.jpg,cicero
img\victoria_vita_serenus_9c4c16f0.jpg,cicero
img\probitas_dignitas_anima_5b4dfccb.jpg,cicero
img\victoria_probitas_clarus_e5f59982.jpg,cicero
img\imperium_pluvia_libertas_6d57c734.jpg,cicero
img\terra_natura_serenus_d5fbd0b9.jpg,cicero
img\aqua_oratio_constantia_d0a167f1.jpg,cicero
img\dexteritas_sensus_formosus_e545efd7.jpg,cicero
img\bellum_claritas_pax_4ede9c70.jpg,cicero
img\dignitas_veritas_claritas_1d9f40fc.jpg,cicero
img\fides_benignus_altus_8690861c.jpg,cicero
img\natura_fides_cor_483e516c.jpg,cicero
img\constantia_aqua_ignobilis_6eb3b978.jpg,cicero
img\constantia_probitas_anima_9de9610a.jpg,cicero
img\lux_flos_ignobilis_2ed591fb.jpg,cicero
img\scientia_fama_celeritas_7dae04e6.jpg,cicero
img\imber_voluntas_altus_ed2b16b5.jpg,cicero
img\honestas_cantus_ratio_4b34afd7.jpg,cicero
img\aura_meritum_lex_867f6b03.jpg,cicero
img\honestas_imperium_natura_5534d4ee.jpg,cicero
img\aura_nubes_prudentia_21f44a24.jpg,cicero
img\sonus_probitas_color_c352fa89.jpg,cicero
img\libertas_clarus_virtus_7b116b54.jpg,cicero
img\sapor_ignobilis_lex_28a46494.jpg,cicero
img\corpus_regnum_serenus_31d10a01.jpg,cicero
img\herba_voluptas_terra_62b09496.jpg,cicero
img\altus_mors_spes_e9da6bb9.jpg,cicero
img\mens_aura_ratio_cc20e3be.jpg,cicero
img\ordo_concordia_pluvia_75eeb52f.jpg,cicero
img\flos_pulcher_memoria_aaeb107a.jpg,cicero
img\tempus_honor_ignis_8251a710.jpg,cicero
img\tempestas_mors_herba_1051f07b.jpg,cicero
img\sensus_luna_fortitudo_10363bd3.jpg,cicero
img\amor_natura_terra_8c120b19.jpg,cicero
img\anima_veritas_probitas_636c4c6b.jpg,cicero
img\memoria_gloria_figura_ab826888.jpg,cicero
img\serenus_color_constantia_e1c7027c.jpg,cicero
img\fortuna_decorus_spes_6a6f6e63.jpg,cicero
img\prudentia_pulcher_victoria_72dce9c5.jpg,cicero
img\verus_statera_furor_d2704fac.jpg,cicero
img\spiritus_caelum_fides_509d0126.jpg,cicero
img\natura_color_audacia_5b8b3395.jpg,cicero
img\natura_sol_imber_dcb6aa26.jpg,cicero
img\sol_natura_honor_72ec0ec6.jpg,cicero
img\meritum_ignis_dignitas_f84532e3.jpg,cicero
img\audacia_memoria_amor_ad6cad28.jpg,cicero
img\sapor_ignobilis_memoria_fbd059f1.jpg,cicero
img\figura_honestas_amor_78e703b5.jpg,cicero
img\caligo_voluptas_gloria_f4c53686.jpg,cicero
img\ignis_arbor_tempestas_9fae5d60.jpg,cicero
img\cor_pax_fortuna_5c4f9833.jpg,cicero
img\probitas_regnum_nobilitas_8daecdd9.jpg,cicero
img\flamma_imperium_caligo_a629ced9.jpg,cicero
img\prudentia_fortitudo_altus_b8d44154.jpg,cicero
img\voluptas_fortuna_audacia_d3b470ff.jpg,cicero
img\corpus_triumphus_decorus_4b83aa22.jpg,cicero
img\levis_triumphus_herba_b34081d8.jpg,cicero
img\fulgor_audacia_voluptas_3e79e76c.jpg,cicero
img\regnum_sol_fortitudo_8b05113e.jpg,cicero
img\chorus_pluvia_ordo_130001f6.jpg,cicero
img\memoria_fortis_scientia_7c229e50.jpg,cicero
img\ars_serenus_color_553ef168.jpg,cicero
img\ignis_lex_fortis_e6e7943d.jpg,cicero
img\honestas_audacia_prudentia_ffb2bdcc.jpg,cicero
img\nobilitas_spiritus_ratio_a126d495.jpg,cicero
img\tempestas_formosus_prudentia_6ebdc513.jpg,cicero
img\voluptas_flamma_pulcher_2ccee0d2.jpg,cicero
img\scientia_dignitas_audacia_4e9d855d.jpg,cicero
img\natura_sensus_pulcher_51a3222d.jpg,cicero
img\honor_dignitas_fortuna_cd1c5691.jpg,cicero
img\imago_aqua_tempus_6d67f4f6.jpg,cicero
img\nix_natura_caligo_acc5cb91.jpg,cicero
img\dexteritas_imber_flamma_bbf13804.jpg,cicero
img\caligo_nubes_gloria_d84595ab.jpg,cicero
img\pulcher_gemma_labor_7fd0dcf6.jpg,cicero
img\ars_decorus_sonus_b8248b08.jpg,cicero
img\levis_fortuna_corpus_f74327c9.jpg,colosseum
img\sol_meritum_ignis_106cfe31.jpg,colosseum
img\statera_sapientia_cantus_3e03739b.jpg,colosseum
img\fortis_natura_sol_14a1042c.jpg,colosseum
img\audacia_lex_spiritus_069ff7c3.jpg,colosseum
img\levis_chorus_concordia_a7272dc8.jpg,colosseum
img\vita_vigor_serenus_72b5b884.jpg,colosseum
img\herba_imber_flos_b39b41e1.jpg,colosseum
img\levis_vigor_bellum_cc9d284a.jpg,colosseum
img\natura_amor_gemma_d7c9970f.jpg,colosseum
img\arbor_statera_triumphus_513552a1.jpg,colosseum
img\regnum_nix_fama_25be01eb.jpg,colosseum
img\voluntas_gloria_flamma_27d7c48f.jpg,colosseum
img\virtus_veritas_probitas_f6d41bf1.jpg,colosseum
img\meritum_amicitia_clarus_5d5b3b0c.jpg,colosseum
img\claritas_honor_terra_93f4d677.jpg,colosseum
img\flamma_herba_gemma_06847a8b.jpg,colosseum
img\decorus_serenus_constantia_b020ac0e.jpg,colosseum
img\tempestas_spiritus_lex_59de4656.jpg,colosseum
img\pulcher_ars_fortis_ee2993f2.jpg,colosseum
img\natura_gravis_pax_27f1a07f.jpg,colosseum
img\statera_lux_altus_b698743a.jpg,colosseum
img\honor_fortitudo_concordia_484a3749.jpg,colosseum
img\cor_aer_fortitudo_29e4b60a.jpg,colosseum
img\prudentia_sol_figura_61396450.jpg,colosseum
img\aura_altus_statera_7ba1dff8.jpg,colosseum
img\vita_chorus_fulgor_b7d99029.jpg,colosseum
img\sapor_libertas_pluvia_9384d425.jpg,colosseum
img\mors_imago_labor_1c162ab0.jpg,colosseum
img\chorus_vita_audacia_d1910e02.jpg,colosseum
img\serenus_figura_labor_1f63a078.jpg,colosseum
img\honestas_lex_triumphus_f630926e.jpg,colosseum
img\probitas_fulgor_gravis_e7b61e9c.jpg,colosseum
img\luna_labor_ignis_999cb10a.jpg,colosseum
img\memoria_nubes_voluptas_3d335684.jpg,colosseum
img\aura_amor_celeritas_cfa0c1dc.jpg,colosseum
img\cor_figura_fortis_1dbf7486.jpg,colosseum
img\voluntas_fama_gravis_d48c3ef3.jpg,colosseum
img\vigor_fortitudo_sol_e431450e.jpg,colosseum
img\amor_honestas_arbor_14a1a066.jpg,colosseum
img\verbum_caligo_libertas_d971a6fb.jpg,colosseum
img\virtus_verus_chorus_844b85f2.jpg,colosseum
img\pax_corpus_triumphus_104d0204.jpg,colosseum
img\fortitudo_caligo_flos_057dc8de.jpg,colosseum
img\pax_flos_figura_1d5e5721.jpg,colosseum
img\decorus_verus_labor_55352944.jpg,colosseum
img\ordo_furor_clarus_c0972954.jpg,colosseum
img\luna_labor_pax_db9d5c5c.jpg,colosseum
img\corpus_sapor_aqua_694e9e74.jpg,colosseum
img\ignis_ratio_flamma_89be9e3c.jpg,colosseum
img\spiritus_nix_verus_71b56c6e.jpg,colosseum
img\natura_voluptas_regnum_bd5b74ce.jpg,colosseum
img\nubes_cor_celeritas_85fcd7f9.jpg,colosseum
img\veritas_formosus_ignis_3a6f028d.jpg,colosseum
img\nubes_natura_flamma_86d7616f.jpg,colosseum
img\veritas_regnum_honor_5cc76b48.jpg,colosseum
img\dignitas_umbra_furor_32dc3121.jpg,colosseum
img\scientia_pluvia_honor_4944202b.jpg,colosseum
img\aer_fides_color_9be7cd18.jpg,colosseum
img\mens_virtus_levis_309c1e66.jpg,colosseum
img\verus_flos_levis_6f6da0b3.jpg,colosseum
img\herba_salus_clarus_c0d13771.jpg,colosseum
img\veritas_statera_bellum_914e16dd.jpg,colosseum
img\fides_concordia_sonus_5d39e680.jpg,colosseum
img\dignitas_gravis_natura_aef306d6.jpg,colosseum
img\statera_vita_stella_da430248.jpg,colosseum
img\lux_vita_umbra_647e6603.jpg,colosseum
img\natura_nobilitas_sapientia_01eb79f4.jpg,colosseum
img\nobilitas_veritas_dignitas_31992ba3.jpg,colosseum
img\dignitas_fortis_labor_fb2de63a.jpg,colosseum
img\stella_ratio_memoria_efe1b01d.jpg,colosseum
img\arbor_mens_ignis_0c3ffe6d.jpg,colosseum
img\gemma_sapientia_virtus_660fa9e5.jpg,colosseum
img\probitas_decorus_labor_4dbedb1b.jpg,colosseum
img\pluvia_altus_nix_a7365c1c.jpg,colosseum
img\gravis_triumphus_gemma_b8e8bb70.jpg,colosseum
img\mors_ratio_imber_36563e65.jpg,colosseum
img\decorus_concordia_meritum_53fa62e4.jpg,colosseum
img\ignobilis_pluvia_sensus_0e8ee628.jpg,colosseum
img\sensus_caligo_terra_edaf5995.jpg,colosseum
img\dignitas_fulgor_altus_581e3ecd.jpg,colosseum
img\cor_nix_pluvia_34271ee4.jpg,colosseum
img\probitas_vita_mens_b469022c.jpg,colosseum
img\flos_luna_honestas_8105e6f6.jpg,colosseum
img\salus_altus_flos_6ee64036.jpg,colosseum
img\ventus_clarus_tempus_9527bbe2.jpg,colosseum
img\arbor_pulcher_pax_4ac041d4.jpg,colosseum
img\sapor_voluntas_celeritas_c8bfcb64.jpg,colosseum
img\luna_furor_labor_acdd8429.jpg,colosseum
img\cantus_caligo_vita_d0ab9208.jpg,colosseum
img\arbor_tempus_iustitia_aa9ba31b.jpg,colosseum
img\ventus_lux_caelum_71ba9e45.jpg,colosseum
img\audacia_fulgor_meritum_252972c3.jpg,colosseum
img\umbra_labor_formosus_f1f02160.jpg,colosseum
img\amor_altus_aura_84bab79c.jpg,colosseum
img\honor_mors_statera_abd8c4d2.jpg,colosseum
img\chorus_memoria_tempus_6d0da7b0.jpg,colosseum
img\mors_honor_lux_f5b237ee.jpg,colosseum
img\decorus_figura_aura_51e2378e.jpg,colosseum
img\decorus_fama_probitas_21fbd56a.jpg,colosseum
img\verbum_herba_victoria_b9488771.jpg,colosseum
img\regnum_caligo_prudentia_9e2899e2.jpg,colosseum
img\aer_ventus_arbor_6ca31690.jpg,colosseum
img\fortuna_sapientia_tempus_25dda417.jpg,colosseum
img\sapientia_clarus_levis_52e02680.jpg,colosseum
img\constantia_probitas_oratio_5e9c07ab.jpg,colosseum
img\voluntas_umbra_voluptas_63b19c98.jpg,colosseum
img\chorus_nix_spiritus_d41a1129.jpg,colosseum
img\benignus_umbra_tempestas_7d2fb8bb.jpg,colosseum
img\gravis_memoria_formosus_c6a81e7c.jpg,colosseum
img\lux_memoria_fortitudo_7239e82d.jpg,colosseum
img\audacia_statera_honor_44a978bf.jpg,colosseum
img\fortuna_sapientia_probitas_2ad4c176.jpg,colosseum
img\fama_verbum_dexteritas_1cbcceb2.jpg,colosseum
img\aer_regnum_veritas_6a7cb4fa.jpg,colosseum
img\levis_pax_gloria_9ab383da.jpg,colosseum
img\aer_fortis_cantus_734c6d35.jpg,augustus
img\herba_flos_audacia_6dd779cb.jpg,augustus
img\caligo_sonus_sapientia_f7628ffa.jpg,augustus
img\honor_natura_oratio_f3f5dfd8.jpg,augustus
img\salus_umbra_scientia_d0023bdd.jpg,augustus
img\fides_amor_clarus_4a6faa89.jpg,augustus
img\lex_claritas_constantia_722f10b6.jpg,augustus
img\pluvia_honor_victoria_8a8cf6cb.jpg,augustus
img\lex_amicitia_dignitas_a98b2f5e.jpg,augustus
img\nubes_sapientia_amicitia_de8f47d7.jpg,augustus
img\aura_nobilitas_gravis_b3bdb13a.jpg,augustus
img\altus_luna_levis_eb1a4563.jpg,augustus
img\tempus_herba_natura_6bef6c19.jpg,augustus
img\fulgor_terra_umbra_fab66a2f.jpg,augustus
img\imber_probitas_victoria_5b78a07d.jpg,augustus
img\spes_amicitia_formosus_74f37456.jpg,augustus
img\serenus_imber_ignobilis_191a11b1.jpg,augustus
img\prudentia_aer_veritas_21d6ee8e.jpg,augustus
img\flamma_terra_arbor_3a00a3dd.jpg,augustus
img\fama_lux_chorus_d51184de.jpg,augustus
img\lux_aura_lex_ff94f471.jpg,augustus
img\clarus_memoria_dignitas_9d0246e2.jpg,augustus
img\honestas_cor_flamma_7d05c688.jpg,augustus
img\nobilitas_levis_sensus_6a082288.jpg,augustus
img\decorus_constantia_herba_f9c1a82a.jpg,augustus
img\serenus_pluvia_figura_b46ba903.jpg,augustus
img\levis_ratio_concordia_8be6d80b.jpg,augustus
img\dignitas_decorus_celeritas_973a9070.jpg,augustus
img\constantia_oratio_amor_0e57ba7f.jpg,augustus
img\aer_spiritus_tempestas_cc80dc1c.jpg,augustus
img\sol_regnum_figura_83e1d524.jpg,augustus
img\spiritus_natura_prudentia_f532be17.jpg,augustus
img\sensus_triumphus_benignus_5c28dedb.jpg,augustus
img\lex_salus_veritas_2f85f9fa.jpg,augustus
img\bellum_tempus_prudentia_501b8925.jpg,augustus
img\stella_probitas_corpus_a3d4be2b.jpg,augustus
img\imago_imperium_gloria_12bb889d.jpg,augustus
img\levis_spiritus_aura_269cb295.jpg,augustus
img\nix_herba_bellum_e17cb33b.jpg,augustus
img\aura_mors_sol_a3cd7ad9.jpg,augustus
img\imber_aqua_aer_937130b4.jpg,augustus
img\mors_levis_ignis_2eaa3c72.jpg,augustus
img\tempestas_lux_fortis_ba31d55c.jpg,augustus
img\amor_ignobilis_figura_94f643d9.jpg,augustus
img\decorus_ratio_honestas_dcb75813.jpg,augustus
img\gemma_ignis_imago_0f8863f0.jpg,augustus
img\veritas_fulgor_salus_5e52ec1c.jpg,augustus
img\corpus_scientia_arbor_bcd4361e.jpg,augustus
img\aura_concordia_ignobilis_7e8b1b88.jpg,augustus
img\dignitas_aer_umbra_f23320e4.jpg,augustus
img\statera_imago_furor_93b4247c.jpg,augustus
img\nix_stella_caligo_094c7b4e.jpg,augustus
img\virtus_formosus_gravis_10b46cf0.jpg,augustus
img\constantia_furor_amor_9806cd62.jpg,augustus
img\victoria_ventus_salus_4b88d518.jpg,augustus
img\fama_aer_anima_153c0307.jpg,augustus
img\victoria_prudentia_levis_16372d0d.jpg,augustus
img\sapientia_constantia_lex_c1c400f5.jpg,augustus
img\voluptas_corpus_altus_7581bd8f.jpg,augustus
img\dignitas_tempestas_caelum_274ad763.jpg,augustus
img\salus_gemma_concordia_082df480.jpg,augustus
img\libertas_statera_fulgor_05f82a8e.jpg,augustus
img\caligo_virtus_amor_12afe950.jpg,augustus
img\pax_figura_ignis_c278406c.jpg,augustus
img\pluvia_corpus_ordo_1d192cd3.jpg,augustus
img\corpus_fama_honor_64b860ea.jpg,augustus
img\labor_luna_concordia_1eb2a47d.jpg,augustus
img\verbum_probitas_mors_e4cd287c.jpg,augustus
img\claritas_verus_imperium_d53e146c.jpg,augustus
img\constantia_dexteritas_pluvia_e6ede159.jpg,augustus
img\prudentia_caligo_mors_4c4b5a0a.jpg,augustus
img\veritas_claritas_voluntas_f0d32925.jpg,augustus
img\pluvia_oratio_labor_0797e590.jpg,augustus
img\amor_furor_oratio_4e638701.jpg,augustus
img\sensus_fama_tempus_5b0ffb51.jpg,augustus
img\decorus_sapientia_memoria_9aab7477.jpg,augustus
img\tempestas_nix_fortis_a37250c3.jpg,augustus
img\umbra_prudentia_triumphus_7c81239e.jpg,augustus
img\honor_color_spiritus_38eb3de4.jpg,augustus
img\mors_pulcher_nubes_18a531f4.jpg,augustus
img\anima_flamma_sol_72620c15.jpg,augustus
img\dignitas_flos_ordo_bf652726.jpg,augustus
img\imago_ratio_figura_bbe402f5.jpg,augustus
img\dexteritas_ars_meritum_885b0879.jpg,augustus
img\anima_triumphus_mors_148160d5.jpg,augustus
img\cor_chorus_amicitia_a2fb9ccc.jpg,augustus
img\salus_flos_ordo_29d82918.jpg,augustus
img\sol_sonus_anima_9cf6696b.jpg,augustus
img\regnum_flamma_voluptas_bc1efd90.jpg,augustus
img\oratio_audacia_anima_ff19c150.jpg,augustus
img\imber_dexteritas_terra_541ae8a7.jpg,augustus
img\triumphus_ratio_benignus_7dc6f282.jpg,augustus
img\serenus_fulgor_decorus_bc7a9b7f.jpg,augustus
img\imber_concordia_pax_daef8384.jpg,augustus
img\nubes_mors_fama_384cf4f6.jpg,augustus
img\fortis_honor_arbor_0571cc98.jpg,augustus
img\statera_ars_iustitia_4ec63bae.jpg,augustus
img\cor_caligo_statera_a54a0a15.jpg,augustus
img\honestas_triumphus_nobilitas_5351021e.jpg,augustus
img\voluntas_stella_pluvia_9a7db1f7.jpg,augustus
img\caelum_audacia_virtus_3848cd3d.jpg,augustus
img\pulcher_ratio_umbra_e0b331eb.jpg,augustus
img\ignis_virtus_imber_4cc03b74.jpg,augustus
img\vita_ventus_ratio_cfbba435.jpg,augustus
img\ratio_formosus_imago_96564f89.jpg,augustus
img\herba_spes_triumphus_50dfc9ef.jpg,augustus
img\lex_labor_imperium_7c0e7ada.jpg,augustus
img\mens_ordo_formosus_d670bd8b.jpg,augustus
img\formosus_ordo_fama_3d2f1487.jpg,consul
img\lex_ignobilis_iustitia_d574916b.jpg,consul
img\furor_amicitia_virtus_2c120d2d.jpg,consul
img\clarus_serenus_salus_5e947971.jpg,consul
img\fortitudo_mens_bellum_5be14d91.jpg,consul
img\pax_flos_imago_8d02db99.jpg,consul
img\lux_claritas_iustitia_1552b0c7.jpg,consul
img\benignus_decorus_voluptas_642c370e.jpg,consul
img\ignobilis_aqua_claritas_d3a7fdac.jpg,consul
img\salus_aqua_decorus_90212c46.jpg,consul
img\caelum_furor_caligo_6d5b870e.jpg,consul
img\chorus_nubes_pluvia_1a08598d.jpg,consul
img\amicitia_imber_tempus_9c006593.jpg,consul
img\umbra_pax_statera_f8ed39cd.jpg,consul
img\nix_pulcher_imago_5b76a083.jpg,consul
img\triumphus_pluvia_voluntas_2eeaa4c4.jpg,consul
img\sonus_sapor_nobilitas_ae754385.jpg,consul
img\sapor_celeritas_stella_ca57e152.jpg,consul
img\voluptas_nix_cor_954d38da.jpg,consul
img\honor_caelum_ordo_f4bfc092.jpg,consul
img\audacia_libertas_voluptas_6ec517c6.jpg,consul
img\honestas_nubes_statera_3ceeffd3.jpg,consul
img\prudentia_amicitia_ignobilis_07e166dd.jpg,consul
img\herba_scientia_arbor_d615bb6a.jpg,consul
img\imber_fortuna_honor_63b40af8.jpg,consul
img\fortuna_memoria_amor_a61c888d.jpg,consul
img\memoria_amor_veritas_dd8ebc3b.jpg,consul
img\caligo_arbor_sapientia_6183dc14.jpg,consul
img\gloria_vita_color_fb7cc7c3.jpg,consul
img\fortis_ratio_sapor_047b37f7.jpg,consul
img\furor_spiritus_fides_7df47210.jpg,consul
img\voluntas_flos_probitas_3910ef24.jpg,consul
img\cantus_ordo_verbum_9c060b87.jpg,consul
img\tempus_formosus_imperium_6c2f9d9d.jpg,consul
img\spiritus_probitas_fama_e1c253a9.jpg,consul
img\mors_ventus_fortitudo_5afa10f2.jpg,consul
img\serenus_claritas_honestas_dd8a8aa2.jpg,consul
img\dexteritas_serenus_aura_129d1202.jpg,consul
img\altus_virtus_sapor_f5854cd1.jpg,consul
img\voluptas_gemma_ordo_969b72e0.jpg,consul
img\claritas_flos_memoria_9cfe65b7.jpg,consul
img\pluvia_statera_formosus_5578eef6.jpg,consul
img\salus_clarus_ars_88837b4e.jpg,consul
img\honestas_triumphus_nubes_71967932.jpg,consul
img\nix_ars_umbra_9881c752.jpg,consul
img\amicitia_dignitas_chorus_0f45846d.jpg,consul
img\fortitudo_fides_ventus_fe282ae6.jpg,consul
img\lux_cor_arbor_6b777419.jpg,consul
img\voluptas_sapor_vita_6c00ba95.jpg,consul
img\cantus_veritas_stella_074d49c1.jpg,consul
img\cantus_scientia_serenus_cda62827.jpg,consul
img\fortuna_sonus_pulcher_4cef899a.jpg,consul
img\ignobilis_ordo_fortitudo_fe207b62.jpg,consul
img\ars_chorus_bellum_443530e1.jpg,consul
img\mors_salus_gravis_b00d032b.jpg,consul
img\flamma_pluvia_voluptas_f232fe2f.jpg,consul
img\prudentia_sapientia_color_21c0332f.jpg,consul
img\aqua_gemma_ignis_055a6e80.jpg,consul
img\aqua_caelum_arbor_ed453e19.jpg,consul
img\caligo_figura_fama_56ba8633.jpg,consul
img\imago_corpus_ignis_14402ce2.jpg,consul
img\gloria_mens_luna_89f78624.jpg,consul
img\lex_spes_dignitas_a2d1c789.jpg,consul
img\formosus_pluvia_luna_e3368904.jpg,consul
img\victoria_imago_ignobilis_103fd9fe.jpg,consul
img\umbra_caligo_serenus_ca6f3fed.jpg,consul
img\honestas_tempus_oratio_5bebb8ac.jpg,consul
img\gemma_color_ars_a1b8814b.jpg,consul
img\scientia_levis_nubes_a56b6dff.jpg,consul
img\scientia_arbor_luna_a5b808d0.jpg,consul
img\clarus_meritum_fama_a8a9a4bb.jpg,consul
img\caelum_constantia_pax_023b7219.jpg,consul
img\voluptas_ratio_celeritas_86a8f72c.jpg,consul
img\probitas_fortitudo_luna_eb03eaef.jpg,consul
img\concordia_sonus_luna_25ec913f.jpg,consul
img\mens_sapor_libertas_bee53064.jpg,consul
img\anima_cantus_imber_44c5acdc.jpg,consul
img\sapientia_claritas_flos_9fc2cd0d.jpg,consul
img\spiritus_caligo_salus_2ed752a6.jpg,consul
img\triumphus_regnum_oratio_f50a9d34.jpg,consul
img\levis_caelum_sapientia_e17c0d9d.jpg,consul
img\victoria_sol_labor_73035398.jpg,consul
img\statera_chorus_prudentia_ee0209f4.jpg,consul
img\altus_pluvia_clarus_6cb4e7c3.jpg,consul
img\virtus_fides_labor_387ed30a.jpg,consul
img\imperium_tempus_gloria_8669d6e2.jpg,consul
img\lux_voluntas_vigor_ff5c3f34.jpg,consul
img\figura_iustitia_luna_199989af.jpg,consul
img\aura_bellum_sonus_f0256dda.jpg,consul
img\cantus_verbum_gravis_ab7d226c.jpg,consul
img\memoria_celeritas_furor_3c9085a1.jpg,consul
img\aer_audacia_virtus_8799eb51.jpg,consul
img\umbra_fortuna_natura_84d70d66.jpg,consul
img\dexteritas_color_luna_01c314d9.jpg,consul
img\natura_verbum_caelum_f1bdf82a.jpg,consul
img\celeritas_iustitia_lex_b7b690cd.jpg,consul
img\tempus_imago_furor_644c7ac1.jpg,consul
img\herba_levis_audacia_20f3e735.jpg,consul
img\gemma_ratio_veritas_efd4d282.jpg,consul
img\imperium_labor_honestas_d22cc21b.jpg,consul
img\formosus_gloria_prudentia_644165ab.jpg,consul
img\nix_libertas_clarus_22c14553.jpg,consul
img\cantus_aqua_gloria_8f7b89b1.jpg,consul
img\salus_sol_stella_9c718010.jpg,consul
img\constantia_audacia_claritas_1b6d7331.jpg,consul
img\sonus_aqua_ars_aa614217.jpg,consul
img\verus_ignis_serenus_b80f7bc9.jpg,consul
img\gloria_salus_iustitia_80135dbe.jpg,consul
img\flamma_meritum_fortuna_eb92b8a3.jpg,laurel
img\triumphus_ordo_fortuna_fcce06d3.jpg,laurel
img\terra_statera_pax_164ee183.jpg,laurel
img\honestas_scientia_clarus_fe6b4655.jpg,laurel
img\vigor_natura_decorus_917a107a.jpg,laurel
img\fama_ars_nix_cfcbe7f4.jpg,laurel
img\pulcher_vita_sensus_e3e4154f.jpg,laurel
img\amor_labor_fama_d4939a4b.jpg,laurel
img\spiritus_fortuna_amicitia_a1850c00.jpg,laurel
img\bellum_verbum_decorus_9cc6bf49.jpg,laurel
img\cor_lex_tempestas_defa9bc4.jpg,laurel
img\herba_ignobilis_claritas_0ccade02.jpg,laurel
img\aqua_benignus_celeritas_d21d2ef5.jpg,laurel
img\pluvia_probitas_dignitas_c5e01c26.jpg,laurel
img\ordo_bellum_fama_46c63a35.jpg,laurel
img\pluvia_tempestas_spes_482ef267.jpg,laurel
img\aqua_terra_virtus_4b0c91f6.jpg,laurel
img\luna_nix_vita_566638fb.jpg,laurel
img\dignitas_vita_clarus_93cce8e5.jpg,laurel
img\tempus_ventus_dexteritas_611cc3e6.jpg,laurel
img\meritum_fortuna_corpus_b981d5f8.jpg,laurel
img\iustitia_levis_salus_b6c19ebf.jpg,laurel
img\regnum_claritas_dexteritas_16aec5b4.jpg,laurel
img\flos_verus_spes_c8633b69.jpg,laurel
img\honor_fulgor_memoria_e9ac44cf.jpg,laurel
img\bellum_fortis_regnum_373ef8f6.jpg,laurel
img\sensus_honor_luna_2d20c9e9.jpg,laurel
img\ars_pluvia_victoria_9b11c938.jpg,laurel
img\ignobilis_pluvia_fulgor_cad19a35.jpg,laurel
img\virtus_victoria_constantia_faa7d9ba.jpg,laurel
img\altus_sol_fortis_04e2ccf6.jpg,laurel
img\amor_altus_serenus_fa172f07.jpg,laurel
img\voluptas_color_corpus_95505f40.jpg,laurel
img\verbum_voluptas_nobilitas_50294164.jpg,laurel
img\caligo_ordo_flos_562f9f98.jpg,laurel
img\sonus_ignis_aer_f17ce11c.jpg,laurel
img\caligo_aer_audacia_8ac000c8.jpg,laurel
img\regnum_decorus_aura_5498374a.jpg,laurel
img\probitas_mens_terra_9eda7dcb.jpg,laurel
img\libertas_caligo_spiritus_1773a2cf.jpg,laurel
img\aer_terra_aqua_582598dd.jpg,laurel
img\figura_labor_color_6f4ac2f6.jpg,laurel
img\prudentia_amicitia_lux_c78e6cba.jpg,laurel
img\flos_probitas_stella_007c2b5a.jpg,laurel
img\flos_mors_fulgor_35773966.jpg,laurel
img\victoria_lux_formosus_9d3f85e1.jpg,laurel
img\ars_imperium_meritum_a40d238b.jpg,laurel
img\cor_clarus_altus_f40e1a27.jpg,laurel
img\figura_veritas_dexteritas_53e49639.jpg,laurel
img\gemma_virtus_vigor_3c25c1cb.jpg,laurel
img\caelum_gemma_veritas_b5e75d50.jpg,laurel
img\pulcher_aqua_triumphus_b4569962.jpg,laurel
img\ars_regnum_mens_7345c624.jpg,laurel
img\dexteritas_oratio_benignus_61f998bd.jpg,laurel
img\constantia_oratio_serenus_3c24daae.jpg,laurel
img\salus_honestas_triumphus_9d4f52a9.jpg,laurel
img\prudentia_verbum_luna_0c43eafc.jpg,laurel
img\gravis_victoria_luna_f6d3e617.jpg,laurel
img\salus_benignus_sensus_f54c0653.jpg,laurel
img\amicitia_aura_color_6d0a8b26.jpg,laurel
img\stella_levis_constantia_8e66776e.jpg,laurel
img\anima_verbum_lex_18cf0898.jpg,laurel
img\bellum_chorus_natura_67d742a4.jpg,laurel
img\claritas_altus_salus_9129ebfb.jpg,laurel
img\gemma_corpus_ignis_cfe0cf18.jpg,laurel
img\dignitas_sonus_spes_2ad658a7.jpg,laurel
img\mens_clarus_fortis_e42148fd.jpg,laurel
img\victoria_fortitudo_honestas_73af4427.jpg,laurel
img\fama_anima_concordia_66967180.jpg,laurel
img\amor_ratio_serenus_93a44670.jpg,laurel
img\gemma_veritas_fortuna_3d3d398e.jpg,laurel
img\fortitudo_gravis_nix_65123c32.jpg,laurel
img\fulgor_sensus_imperium_c68f1adf.jpg,laurel
img\arbor_cor_mors_23f5eadc.jpg,laurel
img\sol_voluptas_herba_e2597b2e.jpg,laurel
img\ratio_dexteritas_mors_62e2f709.jpg,laurel
img\anima_sensus_fulgor_22799bba.jpg,laurel
img\levis_cor_ventus_8a17876c.jpg,laurel
img\fides_corpus_voluptas_e8dbb922.jpg,laurel
img\color_serenus_fortuna_31451010.jpg,laurel
img\aqua_statera_spiritus_ee520e47.jpg,laurel
img\luna_fides_fama_b01b58f6.jpg,laurel
img\natura_color_furor_daa68cac.jpg,laurel
img\spiritus_cor_fulgor_8f4f8494.jpg,laurel
img\benignus_natura_stella_90fdb4e1.jpg,laurel
img\libertas_vita_chorus_02b9b24e.jpg,laurel
img\concordia_luna_probitas_4c312e63.jpg,laurel
img\nobilitas_sapientia_ordo_9efec2f1.jpg,laurel
img\dignitas_scientia_stella_4eeb6df4.jpg,laurel
img\voluptas_mors_formosus_27a08eb4.jpg,laurel
img\scientia_color_pulcher_3659c4e0.jpg,laurel
img\triumphus_serenus_fides_a26b937e.jpg,laurel
img\celeritas_vita_libertas_e5c9f5b4.jpg,forum
img\triumphus_sonus_ordo_7ad4e517.jpg,forum
img\sensus_dexteritas_verbum_a866b4e6.jpg,forum
img\scientia_iustitia_benignus_3055bbf2.jpg,forum
img\fides_mens_imago_c35e870a.jpg,forum
img\fortitudo_probitas_imago_e15eef2f.jpg,forum
img\gemma_sensus_ratio_fa9423bc.jpg,forum
img\labor_prudentia_bellum_3991f8c4.jpg,forum
img\dexteritas_virtus_caligo_c81536f8.jpg,forum
img\concordia_gemma_ordo_3cfba049.jpg,forum
img\furor_claritas_chorus_79fdecc5.jpg,forum
img\color_chorus_oratio_2386104f.jpg,forum
img\voluptas_umbra_serenus_31fb1559.jpg,forum
img\veritas_sol_caelum_241bd26c.jpg,forum
img\color_decorus_caelum_373ba96f.jpg,forum
img\sensus_imber_caelum_ff349460.jpg,forum
img\natura_levis_bellum_34080351.jpg,forum
img\ignis_clarus_lux_fe52cbf9.jpg,forum
img\imber_gemma_vita_8ec1124d.jpg,forum
img\luna_fides_ratio_9b580c19.jpg,forum
img\vigor_natura_scientia_8bb38b77.jpg,forum
img\aqua_voluntas_concordia_c39654fb.jpg,forum
img\aer_gemma_voluntas_32dd9093.jpg,forum
img\vita_color_voluptas_bd938f99.jpg,forum
img\sonus_arbor_terra_0e13524f.jpg,forum
img\lux_imber_stella_4eba3f3f.jpg,forum
img\fortuna_sapor_ordo_9793e9e1.jpg,forum
img\statera_fama_terra_631e05eb.jpg,forum
img\lux_fulgor_furor_4348ac11.jpg,forum
img\meritum_cor_flos_6e1d99c5.jpg,forum
img\cantus_aqua_clarus_4026ee10.jpg,forum
img\fortuna_nobilitas_iustitia_a41d2990.jpg,forum
img\mens_concordia_flamma_4570d410.jpg,forum
img\aqua_bellum_triumphus_9b4b4f45.jpg,forum
img\fides_fulgor_clarus_d28325dc.jpg,forum
img\bellum_concordia_oratio_51da1a17.jpg,forum
img\sapor_sol_natura_f7505e81.jpg,forum
img\tempus_levis_herba_68ad12d7.jpg,forum
img\victoria_herba_spiritus_b3b1907c.jpg,forum
img\ignobilis_vigor_lux_fcadedbd.jpg,forum
img\arbor_honor_iustitia_cbe91485.jpg,forum
img\serenus_constantia_statera_21ad1c1b.jpg,forum
img\pulcher_cantus_scientia_e7322278.jpg,forum
img\labor_caelum_levis_c53db471.jpg,forum
img\lux_spiritus_oratio_fe5678a9.jpg,forum
img\clarus_lex_herba_33c3f536.jpg,forum
img\fulgor_decorus_cantus_07409650.jpg,forum
img\fides_anima_aer_288e10db.jpg,forum
img\ignobilis_lux_ordo_fe963912.jpg,forum
img\ignis_arbor_audacia_fb04f676.jpg,forum
img\spiritus_gloria_nubes_ba249bdb.jpg,forum
img\spes_clarus_imber_2eeacaa9.jpg,forum
img\nix_mens_concordia_7ef19fd3.jpg,forum
img\nubes_mens_cor_ec7f2173.jpg,forum
img\vigor_aura_mens_7bea55f3.jpg,forum
img\verus_natura_ratio_61fdad47.jpg,forum
img\ventus_statera_sonus_16639725.jpg,forum
img\cor_dexteritas_furor_ff9a5ae0.jpg,forum
img\pluvia_figura_serenus_e6cfaf36.jpg,forum
img\terra_ventus_ratio_fa975e0e.jpg,forum
img\aer_arbor_gravis_c840a1c9.jpg,forum
img\dexteritas_levis_fama_33712b0a.jpg,forum
img\mors_concordia_victoria_69216e13.jpg,forum
img\figura_gloria_veritas_74da6a70.jpg,forum
img\gemma_vigor_aura_c408a67a.jpg,forum
img\statera_vita_herba_6ecd2ab2.jpg,forum
img\aqua_fortitudo_chorus_5798f4d1.jpg,forum
img\stella_fama_veritas_3e43feca.jpg,forum
img\honor_gloria_stella_856012af.jpg,forum
img\fama_aura_meritum_bf025b96.jpg,forum
img\cantus_constantia_lex_54080a1b.jpg,forum
img\lux_luna_formosus_175ed368.jpg,forum
img\sapor_claritas_prudentia_b47d523a.jpg,forum
img\cor_aura_pax_1bf07f60.jpg,forum
img\imperium_salus_audacia_0a61b5d1.jpg,forum
img\sol_sapientia_salus_140a17cd.jpg,forum
img\meritum_triumphus_ratio_8871b1eb.jpg,forum
img\victoria_flos_meritum_5356304a.jpg,forum
img\benignus_virtus_pluvia_62f28531.jpg,forum
img\fortis_concordia_gloria_6b294521.jpg,forum
img\spiritus_caelum_fortis_9e5241c2.jpg,forum
img\iustitia_caelum_bellum_279c6812.jpg,forum
img\dignitas_nobilitas_meritum_e8660e06.jpg,forum
img\chorus_triumphus_luna_8faa62fa.jpg,forum
img\fides_verus_nix_6f6035e5.jpg,forum
img\mens_nobilitas_clarus_88fdc00d.jpg,forum
img\constantia_caligo_cor_02c9fb6b.jpg,trajan
img\claritas_tempus_decorus_d8e4ab52.jpg,trajan
img\oratio_constantia_ordo_7ae32d24.jpg,trajan
img\chorus_pulcher_memoria_08af9bab.jpg,trajan
img\cor_mors_caelum_201222ef.jpg,trajan
img\anima_labor_meritum_4fb64946.jpg,trajan
img\pulcher_anima_gemma_1a0f7cab.jpg,trajan
img\amor_ratio_libertas_9ed7d2eb.jpg,trajan
img\lex_caligo_tempestas_29275ca3.jpg,trajan
img\celeritas_formosus_virtus_c63ab923.jpg,trajan
img\veritas_iustitia_corpus_25458cfe.jpg,trajan
img\memoria_virtus_benignus_86e4581c.jpg,trajan
img\gloria_ordo_fortuna_0d4a2bd9.jpg,trajan
img\color_sapor_corpus_bebc0290.jpg,trajan
img\audacia_sonus_decorus_27fc9548.jpg,trajan
img\sapor_dexteritas_ars_1d9b7826.jpg,trajan
img\victoria_natura_vita_49fa0585.jpg,trajan
img\concordia_tempestas_pluvia_f93eb120.jpg,trajan
img\stella_voluptas_tempestas_df71fb2e.jpg,trajan
img\gravis_decorus_gloria_c5c2d7c5.jpg,trajan
img\vita_cor_regnum_e1aced8d.jpg,trajan
img\vita_mens_triumphus_8c7641e8.jpg,trajan
img\honestas_fulgor_ratio_b0a839eb.jpg,trajan
img\prudentia_arbor_sonus_db0ed2a7.jpg,trajan
img\flamma_ordo_furor_3b8b01f7.jpg,trajan
img\tempestas_aura_umbra_a5d72fce.jpg,trajan
img\furor_triumphus_amicitia_c7d61e61.jpg,trajan
img\virtus_regnum_fides_9dc61591.jpg,trajan
img\pluvia_sol_decorus_a92e70d8.jpg,trajan
img\flamma_flos_mens_1b55c20a.jpg,trajan
img\chorus_lux_honestas_92b8fae6.jpg,trajan
img\luna_clarus_flamma_b286f167.jpg,trajan
img\spiritus_bellum_terra_4835d4b0.jpg,trajan
img\anima_caligo_terra_7be56ab4.jpg,trajan
img\libertas_gemma_imago_d18a52ca.jpg,trajan
img\concordia_chorus_probitas_f0869d9b.jpg,trajan
img\statera_nix_aqua_0aa73103.jpg,trajan
img\formosus_gravis_arbor_fb4d0960.jpg,trajan
img\audacia_nubes_pax_7e43169e.jpg,trajan
img\prudentia_bellum_clarus_682c5da7.jpg,trajan
img\sol_gloria_clarus_028b62b5.jpg,trajan
img\bellum_triumphus_mors_860ce563.jpg,trajan
img\claritas_meritum_fides_1f59ab48.jpg,trajan
img\pluvia_mors_sensus_5496d66a.jpg,trajan
img\vita_ignobilis_clarus_8e064968.jpg,trajan
img\corpus_fides_sonus_aab2cd64.jpg,trajan
img\ignis_claritas_decorus_158ca71d.jpg,trajan
img\celeritas_herba_pax_77b57e3b.jpg,trajan
img\ignis_amor_ars_f39711ca.jpg,trajan
img\triumphus_nix_sonus_36498670.jpg,trajan
img\audacia_bellum_chorus_abd17203.jpg,trajan
img\decorus_sonus_claritas_ae555fcb.jpg,trajan
img\nobilitas_meritum_arbor_e7756634.jpg,trajan
img\decorus_nix_veritas_f16f41e3.jpg,trajan
img\sensus_gravis_oratio_2fd05a28.jpg,trajan
img\fortitudo_virtus_ratio_f224a6a9.jpg,trajan
img\anima_mens_verbum_c273e992.jpg,trajan
img\mors_statera_serenus_486bc9d7.jpg,trajan
img\honestas_caligo_salus_72f34247.jpg,trajan
img\sonus_libertas_arbor_c10fde2b.jpg,trajan
img\levis_bellum_ventus_998d78df.jpg,trajan
img\luna_triumphus_fortis_d269ad1e.jpg,trajan
img\regnum_amicitia_terra_9a936522.jpg,trajan
img\spes_color_flos_4843322c.jpg,trajan
img\aura_audacia_mors_719c9e45.jpg,trajan
img\pax_prudentia_memoria_78ecd0d2.jpg,trajan
img\sapor_amicitia_constantia_da13f322.jpg,trajan
img\labor_vita_tempus_65d5a4e8.jpg,trajan
img\spiritus_amor_ars_39a1bf55.jpg,trajan
img\scientia_aqua_gravis_db0de600.jpg,trajan
img\pluvia_decorus_sapor_3c6f5f50.jpg,trajan
img\oratio_clarus_levis_a667635c.jpg,trajan
img\furor_regnum_statera_a7837ca7.jpg,trajan
img\voluntas_sapor_honor_d986ade7.jpg,trajan
img\nobilitas_serenus_arbor_57e82c69.jpg,trajan
img\sonus_caligo_statera_cf51beb1.jpg,trajan
img\sonus_nobilitas_nubes_e3ad8e28.jpg,trajan
img\meritum_fortis_caelum_fdc2c749.jpg,trajan
img\voluptas_color_sonus_8dcfff82.jpg,trajan
img\sapientia_verus_fulgor_16b34ec7.jpg,trajan
img\ignis_umbra_figura_dfd28072.jpg,trajan
img\serenus_decorus_ignis_6da2b945.jpg,trajan
img\umbra_victoria_decorus_525fa6d4.jpg,trajan
img\imperium_nubes_ars_0d3d6869.jpg,trajan
img\sensus_anima_ignobilis_dc802f65.jpg,trajan
img\ignis_flos_herba_9183331c.jpg,trajan
img\sonus_prudentia_nobilitas_5179bac1.jpg,trajan
img\color_audacia_decorus_1c6416f9.jpg,trajan
img\fulgor_fama_levis_255f1bcb.jpg,trajan
img\statera_labor_lex_3bb0d3e1.jpg,trajan
img\figura_benignus_fides_e59c9f91.jpg,trajan
img\altus_sapor_iustitia_f7b38185.jpg,trajan
img\gemma_aura_altus_2508ceb5.jpg,trajan
img\tempus_gravis_iustitia_a2496b27.jpg,trajan
img\claritas_figura_honor_19d1c390.jpg,trajan
img\concordia_aura_oratio_1a025694.jpg,trajan
img\virtus_clarus_veritas_e252a600.jpg,trajan
img\salus_memoria_flos_0d2ab6ad.jpg,trajan
img\sapor_libertas_honor_d84fdbcd.jpg,trajan
img\lux_iustitia_flamma_d6dfba1b.jpg,trajan
img\pluvia_caelum_fides_e331cc3b.jpg,senatus
img\serenus_claritas_aura_509819d7.jpg,senatus
img\labor_statera_caelum_6eec87b8.jpg,senatus
img\ventus_imperium_spes_83fa14b9.jpg,senatus
img\honestas_verus_sapientia_dc99d17b.jpg,senatus
img\fulgor_stella_umbra_18c64316.jpg,senatus
img\serenus_dignitas_umbra_45b4be56.jpg,senatus
img\clarus_virtus_libertas_ebf4121d.jpg,senatus
img\decorus_benignus_statera_757623b5.jpg,senatus
img\tempestas_herba_tempus_aa94ea00.jpg,senatus
img\vita_pulcher_herba_88d291bb.jpg,senatus
img\ventus_tempus_sensus_8fc1ee15.jpg,senatus
img\arbor_levis_libertas_aba8b538.jpg,senatus
img\lux_benignus_constantia_e0acb416.jpg,senatus
img\pax_victoria_claritas_9a8f2786.jpg,senatus
img\ratio_decorus_audacia_0c410bc9.jpg,senatus
img\color_honor_veritas_5c8af7dc.jpg,senatus
img\gemma_ordo_labor_84b496dd.jpg,senatus
img\honestas_cor_pax_a1173cf9.jpg,senatus
img\cor_umbra_anima_54b0a7b5.jpg,senatus
img\vigor_lux_vita_41433b26.jpg,senatus
img\ignobilis_amor_figura_be076532.jpg,senatus
img\labor_caelum_sol_04c2892e.jpg,senatus
img\ignis_veritas_claritas_07fd6db5.jpg,senatus
img\triumphus_fortitudo_sol_a30864f7.jpg,senatus
img\cor_pluvia_ignobilis_49b50f09.jpg,senatus
img\probitas_honor_sol_af4fd2f1.jpg,senatus
img\fortitudo_fides_sol_2da680ee.jpg,senatus
img\ratio_color_triumphus_82a2e814.jpg,senatus
img\salus_audacia_sol_dc8f3dd0.jpg,senatus
img\celeritas_aura_regnum_dc908d07.jpg,senatus
img\bellum_imago_triumphus_9bcd5f27.jpg,senatus
img\mens_bellum_figura_f63755ae.jpg,senatus
img\spiritus_altus_tempestas_6d2a3c65.jpg,senatus
img\voluntas_altus_mens_5633dc78.jpg,senatus
img\altus_arbor_lux_7b22abc2.jpg,senatus
img\regnum_natura_audacia_50b89049.jpg,senatus
img\ignis_cor_verus_d47c8dc7.jpg,senatus
img\ignobilis_honestas_figura_1ce09d25.jpg,senatus
img\fulgor_cor_ignis_69d625c2.jpg,senatus
img\imber_bellum_tempus_b2da0f56.jpg,senatus
img\labor_verbum_dexteritas_bfc1be5e.jpg,senatus
img\sapientia_lex_scientia_a4a4437a.jpg,senatus
img\stella_ventus_claritas_cf8372c0.jpg,senatus
img\tempestas_aura_victoria_3782b875.jpg,senatus
img\ignis_fama_vita_f4c3b7b9.jpg,senatus
img\voluptas_clarus_caelum_b744f06f.jpg,senatus
img\luna_prudentia_sapientia_a85375e3.jpg,senatus
img\probitas_levis_vita_0752d655.jpg,senatus
img\stella_fama_verus_a89ba1b2.jpg,senatus
img\fortis_pluvia_audacia_afc88996.jpg,senatus
img\ordo_fortis_claritas_ea00b7fd.jpg,senatus
img\honestas_flos_tempus_224d8294.jpg,senatus
img\umbra_gravis_imber_c9a16a0d.jpg,senatus
img\iustitia_luna_decorus_4f724f4c.jpg,senatus
img\spes_verbum_voluptas_28be8983.jpg,senatus
img\flos_nobilitas_clarus_43b4aa45.jpg,senatus
img\voluptas_lux_triumphus_e3a2a4a2.jpg,senatus
img\ordo_regnum_bellum_f999122f.jpg,senatus
img\flamma_memoria_salus_f65c98d1.jpg,senatus
img\flos_decorus_imber_6a5a5849.jpg,senatus
img\arbor_benignus_labor_dfe97f42.jpg,senatus
img\fortis_fortuna_aqua_b2dc4e70.jpg,senatus
img\mens_color_salus_71f01a8f.jpg,senatus
img\ars_ratio_statera_68e72376.jpg,senatus
img\furor_honestas_dexteritas_932fd599.jpg,senatus
img\imber_nix_aer_3e85df36.jpg,senatus
img\caligo_pulcher_lex_82b9c775.jpg,senatus
img\veritas_spes_pluvia_cc0a7e07.jpg,senatus
img\prudentia_verbum_aer_a1c9a84c.jpg,senatus
img\spes_ignis_imperium_30106ba7.jpg,senatus
img\aqua_fortuna_voluntas_f6a3848e.jpg,senatus
img\sol_amor_dexteritas_1e5086db.jpg,senatus
img\amicitia_pulcher_sensus_b57ce474.jpg,senatus
img\benignus_color_sol_f658f6e8.jpg,senatus
img\natura_furor_vita_aadbadca.jpg,senatus
img\decorus_veritas_honestas_4373eae9.jpg,senatus
img\honor_virtus_sapor_721d1cab.jpg,senatus
img\fortis_sapientia_celeritas_52e8cc37.jpg,senatus
img\salus_aqua_fama_74fe645e.jpg,senatus
img\pax_vita_celeritas_99622685.jpg,senatus
img\claritas_altus_dignitas_f381cb54.jpg,senatus
img\audacia_victoria_pluvia_0c126212.jpg,senatus
img\victoria_tempestas_gravis_11354da9.jpg,senatus
img\anima_flos_ars_a6bc7f02.jpg,senatus
img\probitas_sol_ordo_083f18f2.jpg,senatus
img\gravis_lux_probitas_313e2675.jpg,senatus
img\aer_bellum_clarus_553916a2.jpg,senatus
img\nubes_audacia_ventus_527bd012.jpg,senatus
img\arbor_imago_caelum_7f44fc18.jpg,senatus
img\sapientia_mens_statera_0482d0a8.jpg,senatus
img\nubes_pulcher_ratio_af5053a4.jpg,senatus
img\voluntas_ignis_decorus_1396bd9f.jpg,senatus
img\fortuna_sapientia_regnum_c7469b4b.jpg,senatus
img\nobilitas_sapor_verbum_7571679e.jpg,senatus
img\victoria_chorus_serenus_e66066a4.jpg,senatus
img\lex_gemma_cantus_aa7b4eaa.jpg,senatus
img\cantus_nix_decorus_cdd79f83.jpg,senatus
img\ars_sensus_tempus_819555cd.jpg,senatus
img\amicitia_virtus_sapientia_ba33a54e.jpg,senatus
img\serenus_veritas_color_90576666.jpg,senatus
img\veritas_honor_natura_5adb857c.jpg,senatus
img\imber_vigor_mors_8e9242b8.jpg,senatus
img\fides_sapor_caligo_1e8a875b.jpg,senatus
img\pax_celeritas_sensus_4ff3c09b.jpg,senatus
img\pax_libertas_fortuna_1ef58fd8.jpg,senatus
img\oratio_vita_meritum_a10429c5.jpg,senatus
img\constantia_imber_audacia_af312244.jpg,senatus
img\aqua_levis_voluntas_4877be59.jpg,senatus
img\ventus_terra_fortuna_9228cab8.jpg,senatus
img\honestas_voluptas_stella_a3991b73.jpg,senatus
img\sapientia_celeritas_ignis_bf2a1a4a.jpg,senatus
img\pax_triumphus_nobilitas_e7988d42.jpg,senatus
img\natura_furor_aer_64c4229b.jpg,senatus
img\oratio_audacia_sonus_02aa92d3.jpg,senatus
img\honor_caelum_caligo_71d8929d.jpg,senatus
img\constantia_fama_luna_4bde4a5a.jpg,senatus
img\anima_claritas_memoria_b0b500b7.jpg,senatus
